{
  "model.0.conv": 0.757829744619517,
  "model.1.conv": 0.8770323178321253,
  "model.10.cv2.conv": 0.728785357737105,
  "model.13.cv2.conv": 0.5124015702186351,
  "model.16.cv2.conv": 0.3116319871235861,
  "model.17.conv": 0.1583053645686426,
  "model.19.cv2.conv": 0.49825459382108106,
  "model.2.cv2.conv": 0.9871391123658598,
  "model.20.conv": 0.19872788483683235,
  "model.22.cv2.conv": 0.47253540625655005,
  "model.23.cv2.0.0.conv": 0.1536966641910967,
  "model.23.cv2.0.1.conv": 0.13377134532130222,
  "model.23.cv2.1.0.conv": 0.3047900984103736,
  "model.23.cv2.1.1.conv": 0.3590956492936863,
  "model.23.cv2.2.0.conv": 0.5746694855386176,
  "model.23.cv2.2.1.conv": 0.6898352409022807,
  "model.23.cv3.0.0.1.conv": 0.03644521960547865,
  "model.23.cv3.0.1.1.conv": 0.032566251685242104,
  "model.23.cv3.1.0.1.conv": 0.12579086695838704,
  "model.23.cv3.1.1.1.conv": 0.11985984996493662,
  "model.23.cv3.2.0.1.conv": 0.4554306844735188,
  "model.23.cv3.2.1.1.conv": 0.4424197100219178,
  "model.3.conv": 1.0,
  "model.4.cv2.conv": 0.9382418623186343,
  "model.5.conv": 0.9911267638435682,
  "model.6.cv2.conv": 0.9683730847757627,
  "model.7.conv": 0.9426668357299782,
  "model.8.cv2.conv": 0.9333459268249134,
  "model.9.cv2.conv": 0.8987871432526918
}