{
  "model.0.conv": 0.7578038675820238,
  "model.1.conv": 0.8768123630134329,
  "model.10.cv2.conv": 0.7287905331446035,
  "model.13.cv2.conv": 0.512647402074821,
  "model.16.cv2.conv": 0.31157246993735166,
  "model.17.conv": 0.15821738264116564,
  "model.19.cv2.conv": 0.49814849796735866,
  "model.2.cv2.conv": 0.9867664830259574,
  "model.20.conv": 0.19856744720437425,
  "model.22.cv2.conv": 0.47264926522152034,
  "model.23.cv2.0.0.conv": 0.15376911989607783,
  "model.23.cv2.0.1.conv": 0.13380498547004355,
  "model.23.cv2.1.0.conv": 0.3050126409328154,
  "model.23.cv2.1.1.conv": 0.3590671845524438,
  "model.23.cv2.2.0.conv": 0.5745219864249063,
  "model.23.cv2.2.1.conv": 0.6899361613485042,
  "model.23.cv3.0.0.1.conv": 0.036520263014209194,
  "model.23.cv3.0.1.1.conv": 0.03264647050147115,
  "model.23.cv3.1.0.1.conv": 0.1257468759946487,
  "model.23.cv3.1.1.1.conv": 0.11980809588995009,
  "model.23.cv3.2.0.1.conv": 0.455376342694783,
  "model.23.cv3.2.1.1.conv": 0.442396420688174,
  "model.3.conv": 1.0,
  "model.4.cv2.conv": 0.9385523867685532,
  "model.5.conv": 0.9916080767409424,
  "model.6.cv2.conv": 0.968256638107043,
  "model.7.conv": 0.9428065717324418,
  "model.8.cv2.conv": 0.9331259720062209,
  "model.9.cv2.conv": 0.8986939859177162
}