layer_name,ratio,out_before,out_after,GMACs_before,GMACs_after,MParams_before,MParams_after
model.0.conv,0.015600,16,15,3.259475,3.249235,2.616248,2.615932
model.1.conv,0.000000,32,31,3.249235,3.244934,2.615932,2.615764
model.10.cv2.conv,0.020900,256,251,3.244934,3.242876,2.615764,2.612559
model.13.cv2.conv,0.060700,128,121,3.242876,3.236369,2.612559,2.609864
model.16.cv2.conv,0.097700,64,58,3.236369,3.201540,2.609864,2.601830
model.17.conv,0.125900,64,56,3.201540,3.193208,2.601830,2.596622
model.19.cv2.conv,0.063400,128,120,3.193208,3.178526,2.596622,2.580534
model.2.cv2.conv,0.000000,64,63,3.178526,3.173585,2.580534,2.579909
model.20.conv,0.118500,128,113,3.173585,3.165563,2.579909,2.559854
model.22.cv2.conv,0.068100,256,239,3.165563,3.158416,2.559854,2.541987
model.23.cv2.0.0.conv,0.126700,64,56,3.158416,3.102148,2.541987,2.533195
model.23.cv2.0.1.conv,0.130400,64,56,3.102148,3.073015,2.533195,2.528643
model.23.cv2.1.0.conv,0.098900,64,58,3.073015,3.057108,2.528643,2.518701
model.23.cv2.1.1.conv,0.088900,64,59,3.057108,3.052412,2.518701,2.515766
model.23.cv2.2.0.conv,0.049300,64,61,3.052412,3.049138,2.515766,2.507582
model.23.cv2.2.1.conv,0.028100,64,63,3.049138,3.048892,2.507582,2.506968
model.23.cv3.0.0.1.conv,0.148300,80,69,3.048892,3.038403,2.506968,2.505329
model.23.cv3.0.1.1.conv,0.149000,80,69,3.038403,3.027843,2.505329,2.503679
model.23.cv3.1.0.1.conv,0.131900,80,70,3.027843,3.024467,2.503679,2.501569
model.23.cv3.1.1.1.conv,0.133000,80,70,3.024467,3.022051,2.501569,2.500059
model.23.cv3.2.0.1.conv,0.071200,80,75,3.022051,3.021391,2.500059,2.498409
model.23.cv3.2.1.1.conv,0.073600,80,75,3.021391,3.021079,2.498409,2.497629
model.3.conv,0.000000,64,63,3.021079,3.017034,2.497629,2.496997
model.4.cv2.conv,0.000000,128,127,3.017034,3.014160,2.496997,2.495684
model.5.conv,0.000000,128,127,3.014160,3.012125,2.495684,2.494412
model.6.cv2.conv,0.000000,128,127,3.012125,3.010690,2.494412,2.491787
model.7.conv,0.000000,256,255,3.010690,3.010130,2.491787,2.490387
model.8.cv2.conv,0.000000,256,255,3.010130,3.009925,2.490387,2.489874
model.9.cv2.conv,0.000000,256,255,3.009925,3.009617,2.489874,2.489105
